<?xml version="1.0"?>
<Parent>
  <Child id="1">
    <Number>TextBox</Number>
    <Name>TextBox</Name>
    <Note>TextBox</Note>
    <User>Admin</User>
    <Date>8/13/2013</Date>
    <Files>
      <File>New Text Document.txt</File>
      <File>contact.csv</File>
    </Files>
  </Child>
  <Child id="2">
    <Number>TextBox</Number>
    <Name>TextBox</Name>
    <Note>TextBox</Note>
    <User>Admin</User>
    <Date>8/13/2013</Date>
    <Files>
      <File>New Text Document.txt</File>
      <File>contact.csv</File>
    </Files>
  </Child>
  <Child id="3">
    <Number>TextBox</Number>
    <Name>TextBox</Name>
    <Note>TextBox</Note>
    <User>Admin</User>
    <Date>8/13/2013</Date>
    <Files />
  </Child>
  <Child id="4">
    <Number>TextBox</Number>
    <Name>TextBox</Name>
    <Note>TextBox</Note>
    <User>Admin</User>
    <Date>8/13/2013</Date>
    <Files />
  </Child>
  <Child id="5">
    <Number>TextBox</Number>
    <Name>TextBox</Name>
    <Note>TextBox</Note>
    <User>Admin</User>
    <Date>8/13/2013</Date>
    <Files />
  </Child>
  <Child id="6">
    <Number>TextBox</Number>
    <Name>TextBox</Name>
    <Note>TextBox</Note>
    <User>Admin</User>
    <Date>10/31/2013</Date>
    <Files>
      <File>inst.exe</File>
    </Files>
  </Child>
  <Child id="7">
    <Number>TextBox</Number>
    <Name>TextBox</Name>
    <Note>TextBox</Note>
    <User>Admin</User>
    <Date>10/31/2013</Date>
    <Files>
      <File>inst.exe</File>
    </Files>
  </Child>
  <Child id="8">
    <Number>001</Number>
    <Name>TextBox</Name>
    <Note>TextBox</Note>
    <User>Admin</User>
    <Date>12/16/2013</Date>
    <Files>
      <File>button4.txt</File>
    </Files>
  </Child>
</Parent>